{"reward": -0.09999999999999964, "bonus_reward": 0, "Steering": 0.008070521056652069, "Gas": 0.05, "Breaking": 0.0, "x pos": 295.0561828613281, "y pos": -9.80978775024414, "Q-val (short term)": 0.03277783468365669, "y_i (short term)": -0.07629869878292084, "Q-val (long term)": 0.032858993858098984, "y_i (long term)": -0.07573355734348297, "_timestamp": 1670162432.8376381, "_runtime": 828.3219511508942, "_step": 34775, "critic_loss_short": 0.3914709687232971, "critic_loss_long": 20.663095474243164, "actor_loss_short": -0.03125084191560745, "actor_loss_long": -0.029920348897576332, "_wandb": {"runtime": 828}}