{"reward": -0.10000000000000142, "bonus_reward": 0, "Steering": 0.09450790286064148, "Gas": 0.05, "Breaking": 0.0, "x pos": 313.26666259765625, "y pos": 49.32798385620117, "Q-val (short term)": -0.0018036675173789263, "y_i (short term)": -0.11329291015863419, "Q-val (long term)": 0.012533731758594513, "y_i (long term)": -0.11213233321905136, "_timestamp": 1670161521.691965, "_runtime": 537.5965070724487, "_step": 22175, "critic_loss_short": 20.425987243652344, "critic_loss_long": 0.47283852100372314, "actor_loss_short": -0.00448718061670661, "actor_loss_long": -0.0053094178438186646, "_wandb": {"runtime": 543}}