{"reward": -0.09999999999999964, "bonus_reward": 0, "Steering": -0.0857953131198883, "Gas": 0.05, "Breaking": 0.0, "x pos": 295.711669921875, "y pos": 4.063395977020264, "Q-val (short term)": 0.00322542292997241, "y_i (short term)": -0.10213714092969894, "Q-val (long term)": 0.00380401941947639, "y_i (long term)": -0.10185323655605316, "_timestamp": 1670160833.539027, "_runtime": 611.5278210639954, "_step": 25199, "critic_loss_short": 0.4271796643733978, "critic_loss_long": 40.525306701660156, "actor_loss_short": -0.0033090782817453146, "actor_loss_long": -0.0031851318199187517, "_wandb": {"runtime": 616}}