{"reward": -0.09999999999999964, "bonus_reward": 0, "Steering": 0.08095531165599823, "Gas": 0.05, "Breaking": 0.0, "x pos": 277.659912109375, "y pos": 2.505096197128296, "Q-val (short term)": -0.007201524451375008, "y_i (short term)": -0.11150835454463959, "Q-val (long term)": 0.00021942087914794683, "y_i (long term)": -0.11044470965862274, "_timestamp": 1670160115.260558, "_runtime": 849.0790817737579, "_step": 34271, "critic_loss_short": 0.41768115758895874, "critic_loss_long": 0.31187745928764343, "actor_loss_short": 0.005130141507834196, "actor_loss_long": 0.006525994278490543, "_wandb": {"runtime": 858}}