{"reward": -0.09999999999999964, "bonus_reward": 0, "Steering": 0.10373616218566895, "Gas": 0.05, "Breaking": 0.0, "x pos": 239.82672119140625, "y pos": -23.527225494384766, "Q-val (short term)": 0.04127788171172142, "y_i (short term)": -0.06302833557128906, "Q-val (long term)": 0.03144790232181549, "y_i (long term)": -0.0703289732336998, "_timestamp": 1670163264.9485457, "_runtime": 786.0942816734314, "_step": 32759, "critic_loss_short": 0.47463271021842957, "critic_loss_long": 0.524727463722229, "actor_loss_short": -0.03521218150854111, "actor_loss_long": -0.03538879007101059, "_wandb": {"runtime": 789}}